"행정구역명","학원/교습소","학원지정번호","학원명","도로명주소","도로명상세주소","분야명","교습계열명","교습과정목록명","교습과정명","정원합계","일시수용능력인원합계","인당수강료내용","수강료공개여부","기숙사학원여부","도로명우편번호","등록상태명","등록일자","휴원시작일자","휴원종료일자","개설일자","적재일시"
"종로구","학원","1000019613","YBM어학원","서울특별시 종로구 종로 104",", 1/3~10층 일부 (종로2가, YBM)","종합(대)","","어학(성인)","","11973","2056","","Y","N","03191","개원","19561209","","99991231","19561209","20231008"
"종로구","학원","1000019636","예림미용학원","서울특별시 종로구 돈화문로9길 32",", 1,3층 (낙원동)","직업기술","산업응용기술","이?미용,","이?미용","512","138","","Y","N","03139","개원","19581203","","99991231","19581203","20230627"
"종로구","학원","1000019711","세기음악학원","서울특별시 종로구 종로 65",", 4층 (종로2가)","기예(대)","기예(중)","실용음악(성악),","실용음악(성악)","270","70","","Y","N","03164","개원","19620122","","99991231","19620122","20230627"
"종로구","학원","1000019747","수도어학학원","서울특별시 종로구 종로 405","(숭인동)","국제화","국제","어학(성인),","어학(성인)","320","940","","Y","N","110827","개원","19631010","","99991231","19631010","20230627"
"종로구","학원","1000019805","종로스피치학원","서울특별시 종로구 종로 123?","7층(종로3가)","기예(대)","기예(중)","화술,","화술","390","71","","Y","N","110123","개원","19661231","","99991231","19661231","20230627"
"종로구","학원","1000019881","와이비엠종로이포유어학원","서울특별시 종로구 삼일대로20길 6",", 1~5층,7층,9층 (관철동)","종합(대)","","어학(성인)","","9640","828","","Y","N","03191","개원","19670209","","99991231","19670209","20231008"
"종로구","학원","1000020039","한국보석학원","서울특별시 종로구 수표로 115-1",", 3-5층 (낙원동)","종합(대)","","금속,컴퓨터,컴퓨터(정보처리,통신기기,인터넷,소프트웨어)","","445","164","","Y","N","03140","개원","19690404","","99991231","19690404","20230924"
"종로구","학원","1000020112","PAGODA어학원","서울특별시 종로구 청계천로 93",", 2~7층/11층/12층 일부/14층 (관철동, 파고다타워)","종합(대)","","어학(성인)","","1983","1313","","Y","N","03191","개원","19701118","","99991231","19701118","20230917"
"종로구","학원","1000020130","한양목공예학원","서울특별시 종로구 수표로 108","금강빌딩4층 (낙원동)","직업기술","산업기반기술","공예,","공예","30","30","","Y","N","110320","개원","19701107","","99991231","19701107","20230627"
"종로구","학원","1000020145","노라노패션학원","서울특별시 종로구 종로 393-1",", 3층,4층 (숭인동)","직업기술","산업기반기술","의복","의복","770","137","","Y","N","110863","개원","19710520","","99991231","19710520","20230827"
"종로구","학원","1000020555","한미컴퓨터학원","서울특별시 종로구 종로 383","(숭인동)","직업기술","컴퓨터","컴퓨터(정보처리,통신기기,인터넷,소프트웨어)","컴퓨터(정보처리,통신기기,인터넷,소프트웨어)","144","72","","Y","N","110863","개원","19890406","","99991231","19890406","20230917"
"종로구","학원","1000020945","명륜음악학원","서울특별시 종로구 창경궁로 247","2345층 (명륜2가)","예능(대)","예능(중)","","음악","36","128","","N","N","110522","개원","19920323","","99991231","19920323","20230627"
"종로구","학원","1000021328","바다소리음악학원","서울특별시 종로구 창경궁로29길 25",", 명륜빌딩 3층 (명륜3가)","기예(대)","기예(중)","실용음악(성악)","실용음악(성악)","27","36","","Y","N","03073","개원","19960819","","99991231","19960819","20230827"
"종로구","학원","1000021402","종로기술사학원","서울특별시 종로구 수표로 96",", 7층 일부 (관수동)","인문사회(대)","","","","2160","201","","Y","N","03192","개원","19970709","","99991231","19970709","20230917"
"종로구","학원","1000021472","대학로정수보습학원","서울특별시 종로구 이화장1길 12","찬스빌딩 23층 (이화동)","입시.검정 및 보습","보통교과","보습,","보습","42","109","","Y","N","110500","개원","19980324","","99991231","19980324","20230627"
"종로구","학원","1000021544","자하미술학원","서울특별시 종로구 자하문로 219","12층 (부암동)","예능(대)","예능(중)","미술,","미술","80","65","","Y","N","110817","개원","19981008","","99991231","19981008","20230627"
"종로구","학원","1000021596","고려패션전문학원","서울특별시 종로구 동호로 408","(종로5가)","직업기술","산업기반기술","의복,","의복","300","40","","Y","N","110836","개원","19990401","","99991231","19990401","20230627"
"종로구","학원","1000021625","차이나로중국어학원","서울특별시 종로구 삼봉로 95",", 3층 (견지동)","국제화","국제","","어학(성인)","636","220","","Y","N","03150","개원","19990624","","99991231","19990624","20230627"
"종로구","학원","1000021702","산울림음악학원","서울특별시 종로구 진흥로 490",", 2층 (신영동, 새마을금고)","예능(대)","예능(중)","음악,","음악","36","50","","Y","N","110831","개원","20000118","","99991231","20000118","20230627"
"종로구","학원","1000021720","쇼팽음악학원","서울특별시 종로구 통일로 246-10","3층 305호 쇼팽음악학원?(무악동,현대아파트상가)","예능(대)","예능(중)","음악,","음악","80","18","","Y","N","110080","개원","20000210","","99991231","20000210","20230627"
"종로구","학원","1000021736","그린컴퓨터아트학원","서울특별시 종로구 수표로 96",", 2층,5층 일부 (관수동)","종합(대)","","건축,디자인,전산회계,출판,컴퓨터(정보처리,통신기기,인터넷,소프트웨어)","","2920","496","","Y","N","03192","개원","20000410","","99991231","20000410","20230827"
"종로구","학원","1000021751","박문각종로고시학원","서울특별시 종로구 수표로 96",", 3층 (관수동)","인문사회(대)","인문사회(중)","성인고시,","성인고시","1730","708","","Y","N","03192","개원","20000525","","99991231","20000525","20230627"
"종로구","학원","1000021879","혜승학원","서울특별시 종로구 통일로 246-20?","4층(무악동, 무악현대아파트상가)","입시.검정 및 보습","보통교과","보습,","보습","25","88","","Y","N","110797","개원","20010630","","99991231","20010630","20230627"
"종로구","학원","1000021885","신영보습학원","서울특별시 종로구 세검정로9길 59","2층 (신영동)","입시.검정 및 보습","보통교과","보습","보습","48","91","","Y","N","110831","개원","20010720","","99991231","20010720","20230827"
"종로구","학원","1000021903","Testmate시사일본어학원","서울특별시 종로구 삼일대로17길 16",", 2층일부, 3층 (관철동)","국제화","국제","어학(성인)","어학(성인)","870","192","","Y","N","110111","개원","20010903","","99991231","20010903","20230827"
"종로구","학원","1000021917","대한커피학원","서울특별시 종로구 종로 223",", 5층 (종로5가,우교빌딩)","직업기술","산업응용기술","식음료품(바리스타,소믈리에),","식음료품(바리스타,소믈리에)","761","64","","Y","N","110835","개원","20011020","","99991231","20011020","20230627"
"종로구","학원","1000021968","케이지에듀원아이티뱅크종로학원","서울특별시 종로구 돈화문로 26",", 3층/4층/5층 일부 (묘동, 단성사)","종합(대)","","게임,성인고시,컴퓨터(정보처리,통신기기,인터넷,소프트웨어)","","10063","509","","Y","N","03138","개원","20020221","","99991231","20020221","20231008"
"종로구","학원","1000021971","시사일본어학원","서울특별시 종로구 종로12길 6","1층 2층 3층 4층 6층 (관철동)","국제화","국제","어학(성인)","어학(성인)","805","374","","Y","N","110111","개원","20020228","","99991231","20020228","20231015"
"종로구","학원","1007","성운환경조경학원","서울특별시 종로구 우정국로2길 21",", 8층 (관철동)","인문사회(대)","인문사회(중)","성인고시,","성인고시","575","71","","Y","N","03189","개원","20020503","","99991231","20020503","20230627"
"종로구","학원","1011","이알피어학원","서울특별시 종로구 청계천로 99","수표교빌딩 4층5층10층 (관철동)","국제화","국제","어학(성인),","어학(성인)","190","235","","Y","N","110111","개원","20021114","","99991231","20021114","20230627"
"종로구","학원","1015","파고다원종로학원","서울특별시 종로구 청계천로 93",", 12층일부 13층전부 (관철동)","국제화","","어학(성인),","","33","139","","Y","N","110111","개원","20021114","","99991231","20021114","20230827"
"종로구","교습소","10730","에이드림미술교습소","서울특별시 종로구 지봉로 62-1","3층 (숭인동)","예능(대)","예능(중)","미술 초,중등","미술","27","9","미술 초,중등:120000, 미술 입시:400000, 미술 (방학 입시특강):650000","Y","N","110862","개원","20050725","","99991231","20050725","20230627"
"종로구","학원","11848","랭귀지큐브종로어학학원","서울특별시 종로구 삼봉로 57",", 6,11층 (수송동)","국제화","국제","어학(성인),","어학(성인)","6","139","","Y","N","03151","개원","20051117","","99991231","20051117","20230827"
"종로구","학원","11934","미래주얼리학원","서울특별시 종로구 수표로 105",", 7층 (종로2가, 육의전빌딩)","직업기술","산업기반기술","금속,","금속","120","105","","Y","N","110122","개원","20051122","","99991231","20051122","20230627"
"종로구","학원","12245","동방디자인학원","서울특별시 종로구 우정국로2길 21",", 8층 (관철동)","직업기술","산업응용기술","디자인,","디자인","384","67","","Y","N","03189","개원","20051223","","99991231","20051223","20230627"
"종로구","학원","12911","르몽드학원","서울특별시 종로구 종로12길 18",", 5,7,8층 (관철동)","국제화","국제","어학(성인),","어학(성인)","363","148","","Y","N","03189","개원","20060303","","99991231","20100906","20230627"
"종로구","교습소","13087","정음모짜르트피아노교습소","서울특별시 종로구 북촌로5나길 24","1층 (삼청동)","예능(대)","예능(중)","피아노(초급)","음악","30","5","피아노(초급):110000, 피아노(중급):140000, 피아노(고급):160000, 초급반:120000, 중급반:150000, 고급반:170000","N","N","110230","개원","20060314","","99991231","20060314","20230627"
"종로구","학원","13821","유케이영어학원","서울특별시 종로구 평창문화로 6-3",", 1층 (신영동, 고석빌딩)","입시.검정 및 보습","보통교과","보습,진학상담지도,","보습","125","142","","Y","N","03019","개원","20060529","","99991231","20060529","20230627"
"종로구","학원","1398","경희독서실","서울특별시 종로구 사직로12길 26?","23층(내자동, 그린빌딩)","독서실","독서","독서실(유아/초?중?고),","독서실(유아/초?중?고)","109","109","","Y","N","110053","개원","20030124","","99991231","20030124","20230627"
"종로구","교습소","14104","브람스음악교습소","서울특별시 종로구 홍지문길 64","동익빌라 상가 1호 (구기동)","예능(대)","예능(중)","바이올린","음악","14","5","","Y","N","110803","개원","20060703","","99991231","20060703","20230627"
"종로구","교습소","14254","홍익민화실미술교습소","서울특별시 종로구 인사동4길 5","3층(인사동)","예능(대)","예능(중)","미술 입시","미술","8","9","미술 입시:150000, 이술 일반:130000","Y","N","110290","개원","20060718","","99991231","20060718","20230627"
"종로구","학원","14483","주얼리캐드캠학원","서울특별시 종로구 종로31길 36",", 6층 (연지동, 위너스 빌딩)","직업기술","산업응용기술","","디자인","20","72","","Y","N","03129","개원","20060808","","99991231","20060808","20230627"
"종로구","학원","15259","한울귀금속공예전문학원","서울특별시 종로구 수표로 124",", 3/4층 일부 (낙원동)","직업기술","산업기반기술","금속,","금속","140","161","","Y","N","03139","개원","20061109","","99991231","20061109","20230627"
"종로구","교습소","16413","김정희미술교습소","서울특별시 종로구 지봉로5길 4","3층 일부 (창신동)","예능(대)","예능(중)","","미술","54","9","초급반(초등부):120000, 중급반(중1-중3):200000, 예비반(고1):250000, 예비반(고2):300000, 입시반(고3):400000, 초급반:100000, 초등미술1:100000, 초등미술2:120000, 중등미술1:200000, 고등미술1:300000, 고등미술2:400000, 고등미술3:500000","N","N","110838","개원","20070223","","99991231","20070223","20230627"
"종로구","학원","17372","금성학원","서울특별시 종로구 지봉로 67","2층3층 (창신동)","입시.검정 및 보습","보통교과","보습,","보습","70","68","","Y","N","110838","개원","20070523","","99991231","20070523","20230627"
"종로구","학원","18537","호랑수학학원","서울특별시 종로구 통일로14길 5","2층(무악동)","입시.검정 및 보습","보통교과","보습,","보습","35","74","","N","N","110080","개원","20071018","","99991231","20071018","20230627"
"종로구","학원","18592","에이디(AD)독서실","서울특별시 종로구 지봉로 92","2~3층 (숭인동)","독서실","독서","독서실(유아/초?중?고),","독서실(유아/초?중?고)","106","106","","Y","N","110862","개원","20071025","","99991231","20071025","20230627"
"종로구","학원","18659","FJ어학원","서울특별시 종로구 종로 77",", 4층 (종로2가, 통일빌딩)","국제화","국제","통역(성인),","통역(성인)","180","79","","Y","N","03164","개원","20071106","","99991231","20071106","20230627"
"종로구","교습소","19904","플러스수학교습소","서울특별시 종로구 혜화로 13","(명륜1가)","입시.검정 및 보습","보통교과","","보습","45","9","","N","N","110521","개원","20080307","","99991231","20110207","20230627"
"종로구","교습소","2000037598","예지피아노교습소","서울특별시 종로구 혜화로9길 4","1층 (명륜1가)","예능(대)","예능(중)","피아노A","음악","15","5","","Y","N","110521","개원","19901228","","99991231","19901228","20230627"
"종로구","교습소","2000038564","칸타빌레피아노교습소","서울특별시 종로구 낙산길 196",", 210호 (창신동)","예능(대)","예능(중)","피아노","음악","4","4","","Y","N","03092","개원","20001023","","99991231","20001023","20230627"
"종로구","교습소","2000038819","김왕래음악교습소","서울특별시 종로구 종로 247",", 3층 (종로5가)","예능(대)","예능(중)","노래","음악","18","2","","N","N","03126","개원","19821014","","99991231","19821014","20230627"
"종로구","교습소","2000039119","피아노스케치음악교습소","서울특별시 종로구 이화장1길 12","4층 (이화동)","예능(대)","예능(중)","바이엘","음악","25","5","바이엘:150000, 체르니100번:160000, 체르니30번:170000, 체르니40번:170000, 체르니50번:180000","Y","N","110500","개원","19991019","","99991231","19991019","20230627"
"종로구","교습소","2000040143","니로미술교습소","서울특별시 종로구 혜화로3길 19",", 112호 (명륜2가,아남아파트)","예능(대)","예능(중)","미술1","미술","10","5","","N","N","110522","개원","19981007","","99991231","19981007","20230627"
"종로구","교습소","2000040466","예사피아노","서울특별시 종로구 혜화로3길 19","301호(명륜2가, 아남아파트상가)","예능(대)","예능(중)","","음악","12","5","바이엘:130000, 체르니30:140000, 체르니40(고급):150000, 피아노A:110000","N","N","110522","개원","19820130","","99991231","19820130","20230627"
"종로구","교습소","2000040546","예천피아노음악교습소","서울특별시 종로구 통일로 246-1",", 3층 (무악동)","예능(대)","예능(중)","피아노1","음악","30","9","피아노1:120000, 피아노2:130000, (고급)피아노3:140000, (고급)피아노4:150000, (고급)피아노5:160000, (고급)플루트:150000","Y","N","110813","개원","19830414","","99991231","19830414","20230627"
"종로구","교습소","2000040587","명문한자한문교습소","서울특별시 종로구 사직로 105","3층 303호 (내자동)","입시.검정 및 보습","보통교과","서예","보습","16","8","","Y","N","110053","개원","19981222","","99991231","19981222","20230627"
"종로구","교습소","2000040634","영기타교습소","서울특별시 종로구 보문로 7,","1층(숭인동)","예능(대)","예능(중)","","음악","9","9","","N","N","110827","개원","20000724","","99991231","20000724","20230627"
"종로구","교습소","2000040651","더스마트(The Smart)수학교습소","서울특별시 종로구 지봉로 58","(숭인동)","입시.검정 및 보습","보통교과","초등1-6 (1)","보습","88","8","초등1-6 (1):170000, 초등1-6 (2):250000, 초등1-6 (3):340000, 초등1-6 (4):450000, 중등1-3 (1):210000, 중등1-3 (2):250000, 중등1-3 (3):350000, 중등1-3 (4):450000, 고등1-3 (1):250000, 고등1-3 (2):350000, 고등1-3 (3):450000","N","N","03109","개원","19960708","","99991231","19960708","20230827"
"종로구","교습소","2000040770","예지피아노","서울특별시 종로구 계동길 52-12","1층 (계동)","예능(대)","예능(중)","피아노A","음악","15","5","피아노A:120000, 피아노B:130000, 피아노C:150000","N","N","110801","개원","19960520","","99991231","19960520","20230627"
"종로구","교습소","2000040842","알로하피아노교습소","서울특별시 종로구 동망산길 17",", 2층 (창신동)","예능(대)","예능(중)","피아노 초급","음악","25","5","피아노 초급:140000, 피아노 중급:150000, 피아노 고급:160000, 입시반:400000, 피아노 취미반:170000","N","N","03094","개원","19820125","","99991231","19820125","20230627"
"종로구","교습소","2000041019","근영기타","서울특별시 종로구 혜화로8길 5-3","","예능(대)","예능(중)","클래식기타","음악","9","9","","N","N","110530","개원","19820129","","99991231","19820129","20230627"
"종로구","학원","20110","발자국소리가큰아이들미술학원","서울특별시 종로구 대학로8길 26","예향빌딩 2층 (동숭동)","예능(대)","예능(중)","미술,","미술","40","97","","Y","N","110809","개원","20080312","","99991231","20080312","20230627"
"종로구","학원","21091","연세학원","서울특별시 종로구 통일로12길 2","234층 (교북동)","입시.검정 및 보습","보통교과","보습","보습","27","75","","Y","N","110090","개원","20080626","","99991231","20080626","20231001"
"종로구","학원","21094","케이스타(K?STAR)실용음악학원","서울특별시 종로구 대학로 129","5층 (명륜4가)","기예(대)","","실용음악(성악),","","19","39","","Y","N","110524","개원","20080624","","99991231","20080624","20230730"
"종로구","교습소","21509","그림이야기미술교습소","서울특별시 종로구 진흥로 490","2층 일부 (신영동)","예능(대)","예능(중)","주2회","미술","27","9","","Y","N","110831","개원","20080801","","99991231","20080801","20230627"
"종로구","교습소","21881","뮤직비트음악교습소","서울특별시 종로구 지봉로 52","2층 (숭인동)","예능(대)","예능(중)","통기타","음악","15","3","","Y","N","110863","개원","20080909","","99991231","20080909","20230627"
"종로구","학원","21885","정진학원","서울특별시 종로구 평창12길 3","외 나라하우스 306호 307호 (평창동)","입시.검정 및 보습","보통교과","보습,","보습","40","83","","Y","N","110847","개원","20080911","","99991231","20080911","20230627"
"종로구","학원","21887","원패스아카데미미용학원","서울특별시 종로구 수표로 120",", 7~8층 일부 (낙원동, 내인빌딩)","직업기술","산업응용기술","이?미용","이?미용","1080","63","","Y","N","03139","개원","20080828","","99991231","20080828","20230917"
"종로구","학원","21889","한국문예창작학원","서울특별시 종로구 대학로14길 12-1","(혜화동)","기타(대)","","기타(소),","","12","69","","Y","N","110530","개원","20080904","","99991231","20080904","20230730"
"종로구","학원","21890","코니스몬테소리어학원","서울특별시 종로구 평창12길 18","1~3층 (평창동)","국제화","외국어","실용외국어(유아/초?중?고),","실용외국어(유아/초?중?고)","106","283","","Y","N","110847","개원","20080910","","99991231","20080910","20230627"
"종로구","학원","22951","종로탑간호학원","서울특별시 종로구 돈화문로 15","일청빌딩 5층 (관수동)","직업기술","간호보조기술","간호조무사,","간호조무사","97","105","","Y","N","110420","개원","20081230","","99991231","20081230","20230627"
"종로구","교습소","23349","큰별피아노음악교습소","서울특별시 종로구 혜화로3길 5",", 상가 110호 (명륜2가, 명륜동주상복합아남아파트)","예능(대)","예능(중)","기초(주3)","음악","40","5","기초(주3):120000, 기초(주5):110000, 중급A(주3):130000, 중급A(주5):140000, 중급B(주3):120000, 중급B(주5):130000, 고급(주3):150000, 고급(주5):140000","Y","N","110522","개원","20050428","","99991231","20050428","20230627"
"종로구","학원","24470","EJUplan시사일본어학원","서울특별시 종로구 삼일대로17길 16",", 4층, 5층 (관철동)","기타(대)","기타(중)","기타(소),진학상담지도","기타(소)","1085","211","","Y","N","110111","개원","20090702","","99991231","20090702","20230917"
"종로구","학원","25730","국영수닷컴학원","서울특별시 종로구 혜화로 30","2층 (혜화동)","입시.검정 및 보습","보통교과","보습,","보습","50","117","","Y","N","110530","개원","20090929","","99991231","20090929","20230627"
"종로구","학원","25737","에듀윌편입학원","서울특별시 종로구 우정국로2길 21",", 5층 (관철동, 대왕빌딩)","인문사회(대)","인문사회(중)","대학편입,인문사회(중)","대학편입","1300","179","","Y","N","03189","개원","20090925","20210901","20220901","20090925","20230827"
"종로구","학원","25908","눈높이러닝센터창신숭인학원","서울특별시 종로구 지봉로12길 3","3층 (숭인동)","입시.검정 및 보습","보통교과","보습,","보습","690","85","","Y","N","110862","개원","20091014","","99991231","20091014","20230627"
"종로구","교습소","25958","김혜경수학교실교습소","서울특별시 종로구 사직로 9",", 107호 (행촌동)","입시.검정 및 보습","보통교과","수학초등1","보습","24","6","","Y","N","03029","개원","20091016","20171208","20181231","20091016","20230627"
"종로구","교습소","26074","은파피아노교습소","서울특별시 종로구 옥인길 11","2층","예능(대)","예능(중)","","음악","20","5","","N","N","110805","개원","20091026","","99991231","20091026","20230627"
"종로구","학원","26086","종로평창유투엠학원","서울특별시 종로구 평창문화로 6-3",", 고석빌딩 2층 (신영동)","입시.검정 및 보습","보통교과","보습,","보습","52","81","","Y","N","110830","개원","20091027","20150101","20150301","20091027","20230627"
"종로구","교습소","26320","모네미술교습소","서울특별시 종로구 자하문로 269",", 4층 (부암동)","예능(대)","예능(중)","미술실기(초등저)","미술","26","9","미술실기(초등저):200000, 미술실기(초등고):150000, 미술실기(중등입시):200000, 미술실기(고등입시):300000","N","N","03021","개원","20091111","","99991231","20091111","20230627"
"종로구","학원","27032","와세다일본어학원","서울특별시 종로구 우정국로2길 21",", 3층 (관철동,대왕빌딩)","국제화","국제","어학(성인)","어학(성인)","800","154","","Y","N","110111","개원","20091223","","99991231","20091223","20230917"
"종로구","학원","27060","해냄학원","서울특별시 종로구 통일로 262","1층 (무악동)","입시.검정 및 보습","보통교과","보습,","보습","60","72","","Y","N","110814","개원","20091229","","99991231","20091229","20230627"
"종로구","교습소","27061","원논술교습소","서울특별시 종로구 혜화로2길 27","1층 (혜화동)","입시.검정 및 보습","보통교과","논술1","보습?논술","36","9","","N","N","110530","개원","20091228","","99991231","20091228","20230627"
"종로구","교습소","2707","리딩업영어교습소","서울특별시 종로구 통일로 246-10",", 304호 (무악동, 무악현대아파트)","국제화","외국어","영어리딩A","실용외국어(유아/초?중?고)","48","8","","Y","N","110080","개원","20011010","","99991231","20011010","20230627"
"종로구","학원","28330","케이지에듀원인테리어뱅크학원","서울특별시 종로구 돈화문로 26",", 6층 (묘동)","종합(대)","","디자인,","","1170","226","","Y","N","03138","개원","20100409","","99991231","20100409","20230730"
"종로구","교습소","28698","마니수학교습소","서울특별시 종로구 평창12길 3","503동 1호(평창동, 나라빌딩)","입시.검정 및 보습","보통교과","초등4수학","보습","25","5","초등4수학:200000, 중등1,2수학:300000, 중등3수학:300000, 초등5,6수학:250000, 중등3수학:400000","N","N","110847","개원","20100510","","99991231","20100510","20230627"
"종로구","교습소","28704","인클레이주도예교습소","서울특별시 종로구 율곡로1길 52","(사간동)","예능(대)","예능(중)","","미술","16","9","","N","N","110190","개원","20100517","20191217","20201216","20100517","20230627"
"종로구","학원","29131","독문화독일어통역학원","서울특별시 종로구 우정국로2길 42","6층 (관철동)","국제화","국제","통역(성인),","통역(성인)","36","73","","Y","N","110111","개원","20100624","","99991231","20100624","20230627"
"종로구","학원","29173","B.K.영어전문학원","서울특별시 종로구 평창12길 3","403동 405호(평창동","입시.검정 및 보습","보통교과","보습,","보습","40","71","","Y","N","110847","개원","20100707","","99991231","20100707","20230627"
"종로구","학원","29218","안국대치이강학원","서울특별시 종로구 계동길 61",", 2층/3층 (계동)","종합(대)","","보습,진학상담지도,","","1505","262","","Y","N","110800","개원","20100712","","99991231","20100712","20230627"
"종로구","학원","2935","김영편입학원","서울특별시 종로구 종로 68",", 6층 (종로2가, 대한기독교서회)","인문사회(대)","인문사회(중)","성인고시,","성인고시","8080","329","","N","N","03189","개원","20030829","","99991231","20030901","20230627"
"종로구","교습소","29467","현음피아노교습소","서울특별시 종로구 종로3길 38","701호 (청진동)","예능(대)","예능(중)","","음악","15","5","피아노1(바이엘):130000, 피아노2(바이엘심화,체르니100):140000, 피아노3:150000, 피아노4:160000, 피아노1:170000, 피아노2:190000, 피아노3:190000","N","N","110130","개원","20100803","","99991231","20100803","20230627"
"종로구","교습소","29705","로쉬피아노교습소","서울특별시 종로구 지봉로 81","브라운스톤창신 1층 114호 (창신동)","예능(대)","예능(중)","피아노 초급","음악","20","5","","N","N","110837","개원","20100830","","99991231","20100830","20230627"
"종로구","학원","29806","그린한국어학원","서울특별시 종로구 청계천로 61",", 7층 (관철동)","국제화","국제","어학(성인),","어학(성인)","73","148","","Y","N","03189","개원","20100910","20150615","20150630","20100910","20230627"
"종로구","교습소","29845","야나기일본어교습소","서울특별시 종로구 사직로 114","경복세븐빌딩 202호 (내자동)","국제화","외국어","일본어","실용외국어(유아/초?중?고)","1","1","","N","N","110053","개원","20100914","","99991231","20100914","20230627"
"종로구","교습소","29897","꿈꾸는작업실미술교습소","서울특별시 종로구 세검정로9길 25","1층좌측 (신영동)","예능(대)","예능(중)","초급(주2회반_","미술","36","9","초급(주2회반_:110000, 중급(주2회반):130000, 초급(주1회반):80000, 초급(주2회반):90000","Y","N","110831","개원","20100928","","99991231","20100928","20230627"
"종로구","학원","3000010306","IS학원","서울특별시 종로구 혜화로 13","(명륜1가)","입시.검정 및 보습","보통교과","보습,","보습","45","50","","N","N","110521","개원","20110307","","99991231","20110307","20230627"
"종로구","학원","3000010374","월드가이드학원","서울특별시 종로구 청계천로 61",", 9층 (관철동)","직업기술","문화관광","관광,","관광","50","55","","Y","N","03189","개원","20110302","","99991231","20110302","20230627"
"종로구","학원","3000010610","아뜰리에뷰티아카데미미용학원","서울특별시 종로구 우정국로2길 21",", 4층 (관철동,대왕빌딩)","직업기술","산업응용기술","이?미용,","이?미용","325","130","","Y","N","110111","개원","20110412","","99991231","20110412","20230627"
"종로구","학원","3000010840","종로국가정보학원","서울특별시 종로구 우정국로2길 37","5층 (관철동)","인문사회(대)","인문사회(중)","성인고시,","성인고시","5918","177","","Y","N","110111","개원","20110511","","99991231","20110511","20230827"
"종로구","학원","3000010895","서울게임아트학원","서울특별시 종로구 율곡로 282",", 5층,7층,8층일부 (종로6가)","종합(대)","","게임,컴퓨터","","2140","291","","Y","N","03124","개원","20110511","","99991231","20110511","20230827"
"종로구","학원","3000011087","이주미이주헌중등부영어학원","서울특별시 종로구 통일로 266",", 1층일부/2층일부 (무악동)","입시.검정 및 보습","보통교과","보습,","보습","12","96","","N","N","110814","개원","20110601","","99991231","20110601","20230627"
"종로구","학원","3000011763","대학로바리스타학원","서울특별시 종로구 혜화로 13","(명륜1가)","직업기술","산업응용기술","식음료품(바리스타,소믈리에),","식음료품(바리스타,소믈리에)","52","32","","Y","N","110521","개원","20110816","","99991231","20110816","20230627"
"종로구","학원","3000012862","퓨즈대학로실용음악학원","서울특별시 종로구 혜화로 4","(혜화동)","기예(대)","기예(중)","실용음악(성악),","실용음악(성악)","57","49","","N","N","110530","개원","20111223","","99991231","20111223","20230627"
"종로구","학원","3000013019","조인엘엠피어학원","서울특별시 종로구 평창문화로 139",", 2층,3층일부 (평창동)","국제화","외국어","실용외국어(유아/초?중?고),","실용외국어(유아/초?중?고)","108","219","","N","N","03004","개원","20120106","","99991231","20120106","20231001"
"종로구","학원","3000013288","글마루학원","서울특별시 종로구 평창12길 3",", 나라빌딩 401호 (평창동)","입시.검정 및 보습","보통교과","보습,","보습","70","60","","Y","N","110847","개원","20120209","","99991231","20120209","20230627"
"종로구","학원","3000013289","드림스피치아카데미학원","서울특별시 종로구 종로 113-2",", 5층일부 (종로3가, 삼영빌딩)","기예(대)","기예(중)","웅변,","웅변","806","63","","Y","N","03139","개원","20120209","","99991231","20120209","20230627"
"종로구","학원","3000013410","잉글리쉬튠즈어학원","서울특별시 종로구 창경궁로 251","(명륜2가)","국제화","국제","","어학(성인)","6","70","","Y","N","110522","개원","20120224","","99991231","20120224","20230627"
"종로구","학원","3000014394","코리아하모니카필드학원","서울특별시 종로구 종로 337",", 4층 (창신동)","기예(대)","기예(중)","실용음악(성악),","실용음악(성악)","89","60","","N","N","110840","개원","20120611","","99991231","20120611","20230627"
"종로구","학원","3000014759","에이치투댄스학원","서울특별시 종로구 성균관로3길 16",", 비전21빌딩 1층  (명륜3가,진한빌딩)","기예(대)","기예(중)","댄스,","댄스","80","65","","Y","N","110812","개원","20120716","20170101","20170630","20120716","20230627"
"종로구","학원","3000014830","브라운대학편입학원","서울특별시 종로구 청계천로 99",", 6층~10층 (관철동,수표교빌딩)","종합(대)","","출판,대학편입,","","770","258","","Y","N","110111","개원","20120723","","99991231","20120723","20230627"
"종로구","학원","3000014999","바이엠무용학원","서울특별시 종로구 혜화로 46-1",", 4층 (혜화동, 류화빌딩)","기예(대)","기예(중)","무용(전통무용,현대무용),","무용(전통무용,현대무용)","168","51","","Y","N","03067","개원","20120810","","99991231","20120810","20230627"
"종로구","학원","3000015063","위너스독서실","서울특별시 종로구 창경궁로 109",", 2층일부 (인의동,세운스퀘어)","독서실","독서","독서실(일반인),","독서실(일반인)","210","865","","Y","N","110410","개원","20120823","","99991231","20120823","20230627"
"종로구","학원","3000015064","댄스박스학원","서울특별시 종로구 삼일대로17길 52",", 삼보빌딩 5층 (관철동)","기예(대)","기예(중)","댄스,","댄스","300","70","","N","N","110111","개원","20120823","","99991231","20120823","20230627"
"종로구","학원","3000015081","한형민어학원","서울특별시 종로구 종로 19",", 510호 (종로1가,르메이에르종로타운1)","국제화","국제","어학(성인),","어학(성인)","2140","156","","Y","N","110888","개원","20120828","","99991231","20120828","20230627"
"종로구","교습소","3000015696","봄날의피아노교습소","서울특별시 종로구 필운대로 110-1",", 2층 (신교동)","예능(대)","예능(중)","피아노 A(고급)","음악","15","5","피아노 A(고급):152409, 피아노 B(고급):163296, 피아노 C(고급):176904","Y","N","110032","개원","20121119","","99991231","20121119","20230627"
"종로구","학원","3000015841","이탑영어학원","서울특별시 종로구 평창12길 3",", 402, 406호 (평창동)","입시.검정 및 보습","보통교과","","보습","32","73","","N","N","110847","개원","20121205","","99991231","20121205","20230627"
"종로구","학원","3000015842","최상아카데미학원","서울특별시 종로구 자하문로 312",", 4층 (홍지동)","입시.검정 및 보습","보통교과","보습,","보습","20","68","","N","N","110020","개원","20121205","","99991231","20121205","20230627"
"종로구","학원","3000016003","나무경영아카데미학원","서울특별시 종로구 종로 34",", 알파빌딩 3,4,5,6,8,9층  (서린동,서린제10지구재개발사업)","종합(대)","","성인고시,","","10470","1370","","Y","N","110110","개원","20121227","","99991231","20121227","20230627"
"종로구","학원","3000016192","오름교육학원(원격)","서울특별시 종로구 돈화문로 12",", 6층 605호 (장사동)","입시.검정 및 보습","보통교과","검정,","검정","0","0","","Y","N","03193","개원","20130118","","99991231","20130118","20230627"
"종로구","학원","3000016389","댄스다(DANCE-DA)학원","서울특별시 종로구 대학로8길 26",", 3층 (동숭동,예일디자인학원)","기예(대)","기예(중)","댄스,","댄스","220","47","","Y","N","110809","개원","20130215","","99991231","20130215","20230627"
"종로구","학원","3000016585","ST PLUS독서실","서울특별시 종로구 종로 34",", 12, 13층 (서린동,서린제10지구재개발사업)","독서실","독서","독서실(일반인),","독서실(일반인)","441","622","","Y","N","110110","개원","20130306","","99991231","20130306","20230627"
"종로구","교습소","3000016589","예본피아노교습소","서울특별시 종로구 자하문로33길 10","(청운동)","예능(대)","예능(중)","바이엘(고급)","음악","25","5","바이엘(고급):120000, 체르니100(고급):130000, 체르니30(고급):140000, 체르니40(고급):150000, 클래식피아노 한곡완성, 작품(고급):160000","Y","N","110030","개원","20130308","","99991231","20130308","20230627"
"종로구","학원","3000016677","맥세스FC실무경영학원","서울특별시 종로구 종로8길 17",", 3층 일부 (관철동)","인문사회(대)","인문사회(중)","경영","경영","471","74","","Y","N","110111","개원","20130314","","99991231","20130314","20230827"
"종로구","교습소","3000016999","엘음악교습소","서울특별시 종로구 혜화로 35",", 2층 205호 (명륜1가)","예능(대)","예능(중)","","음악","31","5","피아노(바이엘):150000, 피아노(체르니100):150000, 피아노(체르니30):180000, 피아노(체르니40):200000, 성악(고급):50000,  바이올린(고급):50000, 첼로(고급):50000, 피아노(바이엘):130000","N","N","03068","개원","20130410","","99991231","20130410","20230627"
"종로구","학원","3000017315","대치에스학원","서울특별시 종로구 사직로 101",", 2층, 3층일부 (필운동)","입시.검정 및 보습","보통교과","","보습?논술","820","226","","Y","N","110044","개원","20130522","","99991231","20130522","20230627"
"종로구","학원","3000017749","와이비엠교육원격교습학원","서울특별시 종로구 창경궁로 112-7",", 5층일부 (인의동)","종합(대)","","보습,실용외국어(유아/초?중?고),","","7000","0","","Y","N","03130","개원","20160609","","99991231","20130712","20230627"
"종로구","학원","3000018347","씨앗패션패턴학원","서울특별시 종로구 돈화문로5길 24",", 하늘빌딩 3-5층 (돈의동)","직업기술","산업응용기술","디자인,","디자인","206","127","","Y","N","03139","개원","20131014","","99991231","20131018","20230627"
"종로구","학원","3000018382","피아노리브레학원","서울특별시 종로구 우정국로2길 21",", 대왕빌딩 3층 (관철동,대왕빌딩)","기예(대)","기예(중)","실용음악(성악),","실용음악(성악)","101","48","","Y","N","110111","개원","20131022","","99991231","20131024","20230627"
"종로구","학원","3000018506","오라클학원","서울특별시 종로구 사직로 97",", 4층 (필운동)","입시.검정 및 보습","보통교과","보습,","보습","100","126","","Y","N","03041","개원","20131107","","99991231","20131111","20230627"
"종로구","교습소","3000018996","달달한책읽기논술교습소","서울특별시 종로구 진흥로 492",", 1층 (신영동,한성빌딩)","입시.검정 및 보습","보통교과","논술","보습","10","5","논술:160000, 논술:190000","Y","N","110831","개원","20140103","","99991231","20140103","20230627"
"종로구","학원","3000019801","서울게임학원","서울특별시 종로구 율곡로 282",", 4층, 6층 일부 (종로6가, 서울게임아카데미)","종합(대)","","게임,","","2260","284","","Y","N","03124","개원","20140327","","99991231","20140327","20230827"
"종로구","학원","3000019857","수음악학원","서울특별시 종로구 사직로8길 7",", 1층 (필운동)","예능(대)","","음악,","","15","50","","Y","N","110044","개원","20140319","","99991231","20140319","20230730"
"종로구","학원","3000019983","세종수학원","서울특별시 종로구 사직로8길 20",", 상가동 109~110호 (내수동, 경희궁 파크팰리스)","입시.검정 및 보습","보통교과","","보습","40","68","","Y","N","03174","개원","20140429","","99991231","20140429","20231015"
"종로구","교습소","3000020078","소리숲피아노교습소","서울특별시 종로구 통일로12길 54-2",", 1층 (행촌동)","예능(대)","예능(중)","","음악","20","5","","Y","N","110091","개원","20140513","","99991231","20140514","20230627"
"종로구","교습소","3000020745","모네음악교습소","서울특별시 종로구 홍지문길 64",", 동익상가 2호 (구기동,동익빌라)","예능(대)","예능(중)","","음악","15","6","","Y","N","110803","개원","20140730","","99991231","20140730","20230627"
"종로구","학원","3000020836","이패스고시학원","서울특별시 종로구 청계천로 35",", 6층 일부 (서린동, 관정빌딩)","인문사회(대)","인문사회(중)","성인고시,","성인고시","6935","293","","Y","N","03188","개원","20140422","","99991231","20140422","20230627"
"종로구","학원","3000020848","이주미이주헌고등영어학원","서울특별시 종로구 통일로 266",", 2층 (무악동)","입시.검정 및 보습","보통교과","보습,","보습","40","103","","Y","N","110814","개원","20140807","","99991231","20140807","20230627"
"종로구","학원","3000020849","EDB어학원","서울특별시 종로구 종로 65",", 2, 3층 (종로2가)","국제화","국제","어학(성인),","어학(성인)","1446","148","","Y","N","110122","개원","20140807","","99991231","20140807","20230627"
"종로구","학원","3000020867","이치고이치에학원","서울특별시 종로구 삼일대로15길 17",", 6층 (관철동, 금옥빌딩)","입시.검정 및 보습","보통교과","보습?논술,","보습?논술","690","69","","Y","N","03190","개원","20140612","","99991231","20140612","20230627"
"종로구","학원","3000021049","위너스경영아카데미별관학원","서울특별시 종로구 창경궁로 109",", 2층 (인의동, 세운스퀘어)","인문사회(대)","인문사회(중)","회계,","회계","5620","290","","Y","N","110410","개원","20140905","","99991231","20140905","20230627"
"종로구","학원","3000021175","아비저가죽공방학원","서울특별시 종로구 난계로27길 52",",302호 (숭인동)","기예(대)","기예(중)","공예(종이접기,꽃꽂이,꽃기예),","공예(종이접기,꽃꽂이,꽃기예)","27","50","","Y","N","03115","개원","20140924","","99991231","20140924","20230827"
"종로구","학원","3000021608","할리스커피학원","서울특별시 종로구 삼일대로 395",", 5층 (종로2가, 종로빌딩)","직업기술","산업응용기술","식음료품(바리스타,소믈리에),","식음료품(바리스타,소믈리에)","92","126","","Y","N","03190","개원","20110330","","99991231","20110330","20230827"
"종로구","학원","3000021732","안국2관대치이강학원","서울특별시 종로구 자하문로 30",", 3층 (통의동)","입시.검정 및 보습","보통교과","","보습","1500","167","","Y","Y","110040","개원","20141127","","99991231","20141127","20230627"
"종로구","교습소","3000021935","코넬수학교습소","서울특별시 종로구 통일로14길 8",", 2층 (무악동)","입시.검정 및 보습","보통교과","초등수학1","보습","24","4","초등수학1:230000, 초등수학2:345000, 중등수학1:270000, 중등수학2:405000, 고등수학1:350000, 고등수학2:525000","Y","N","03030","개원","20141226","","99991231","20141226","20230627"
"종로구","교습소","3000021936","배재형수학교습소","서울특별시 종로구 평창11길 3-4",", 2층 (평창동)","입시.검정 및 보습","보통교과","","보습","15","3","중등수학(주2회):320000, 중등수학(주3회):420000, 고등수학(2회):350000, 고등수학(3회):500000, 고등수학(4회):600000, 초등수학:250000, 중등수학:350000, 고등문과수학:450000, 고등이과수학:550000, 수리논술:150000, 고등주2회반(문이과통합):300000, 고등주4회반(방학특강):600000","Y","N","110847","개원","20141226","","99991231","20141226","20230627"
"종로구","교습소","3000022611","함수학교습소","서울특별시 종로구 통일로 266",", 2층 202호, 206호 일부 (무악동)","입시.검정 및 보습","보통교과","수학(중등)","보습","18","9","","Y","N","110814","개원","20150309","","99991231","20150309","20230627"
"종로구","학원","3000022619","한국서예디자인학원","서울특별시 종로구 종로 80-1",", 5층 (종로2가)","기타(대)","기타(중)","서예,","서예","10","60","","Y","N","110122","개원","19560401","","99991231","19560401","20230627"
"종로구","교습소","3000022812","피넛아트미술교습소","서울특별시 종로구 필운대로 48",", 2층(누하동 17) (누하동)","예능(대)","예능(중)","미술 1","미술","32","8","미술 1:55000, 미술 2:70000, 미술 1-2:110000, 미술 2-2:130000","Y","N","110805","개원","20150326","","99991231","20150326","20230627"
"종로구","학원","3000022920","위드스피치학원","서울특별시 종로구 청계천로 67",", 4층 일부(402호) (관철동)","기예(대)","기예(중)","화술,","화술","259","47","","Y","N","110111","개원","20150408","","99991231","20150420","20230627"
"종로구","교습소","3000022949","해법중국어교실교습소명륜점","서울특별시 종로구 성균관로 75","(명륜1가)","국제화","외국어","","실용외국어(유아/초?중?고)","45","5","중국어회화:88000, 중국어HSK:115000, 중국어회화:115000, 중국어HSK:170000, 중국어회화:170000, 중국어HSK:255000, 중국어회화:225000, 중국어HSK:340000, 중국어회화(초등저학년):58500, ㅁㅁㅁ:1","Y","N","110521","개원","20150413","","99991231","20150413","20230627"
"종로구","학원","3000023056","남뮤지컬아카데미학원","서울특별시 종로구 대학로8가길 80",", 4층 (동숭동)","기예(대)","","연기(연극,뮤지컬,오페라),","","140","65","","Y","N","110809","개원","20150429","","99991231","20150429","20230827"
"종로구","학원","3000023206","웅진북클럽원격종로학원","서울특별시 종로구 종로 199",", 4/5층 (종로4가, 한일빌딩)","종합(대)","","보습,보습?논술,실용외국어(유아/초?중?고),","","0","0","","Y","N","03130","개원","20150518","","99991231","20150518","20230627"
"종로구","교습소","3000023334","엘수학교습소","서울특별시 종로구 통일로 248",", 3층 (무악동 45-60)","입시.검정 및 보습","보통교과","","보습","15","5","","Y","N","110813","개원","20150604","","99991231","20150604","20230627"
"종로구","교습소","3000023754","팡세국어교습소","서울특별시 종로구 평창길 4",", 1층 (평창동)","입시.검정 및 보습","보통교과","국어(초등)1","보습","12","3","","Y","N","110847","개원","20150717","","99991231","20150720","20230627"
"종로구","학원","3000023848","드림학원","서울특별시 종로구 평창11길 6",", 4층 (평창동, 세검정새마을금고)","입시.검정 및 보습","보통교과","보습","보습","32","76","","Y","N","03009","개원","20150729","","99991231","20150729","20230827"
"종로구","학원","3000023900","쥬빌리영어학원","서울특별시 종로구 평창문화로 6-1",", 1~2층 (신영동)","입시.검정 및 보습","보통교과","","보습","45","74","","Y","N","03019","개원","20150716","","99991231","20150716","20230627"
"종로구","학원","3000023966","금곡문화학원","서울특별시 종로구 창경궁로29길 25",", 404,405호 (명륜3가, 명윤빌딩)","인문사회(대)","인문사회(중)","경영,","경영","200","81","","Y","N","110812","개원","20150813","","99991231","20150813","20230627"
"종로구","학원","3000024165","중앙전기학원","서울특별시 종로구 종로 383",", 6층 (숭인동)","직업기술","산업기반기술","","전기","243","91","","Y","N","110863","개원","20150914","","99991231","20150914","20230627"
"종로구","학원","3000024328","올림수학학원","서울특별시 종로구 혜화로 10-3",", 2층 (혜화동, 성인빌딩)","입시.검정 및 보습","보통교과","보습,","보습","103","73","","Y","N","110530","개원","20151013","","99991231","20151013","20230627"
"종로구","교습소","3000025407","앤미술교습소","서울특별시 종로구 혜화로 50-1",", 2층 (혜화동)","예능(대)","예능(중)","","미술","18","6","","Y","N","03067","개원","20160216","","99991231","20160216","20230627"
"종로구","학원","3000025778","신용욱연기학원","서울특별시 종로구 성균관로 48-2",", 2층 (명륜1가)","기예(대)","기예(중)","연기(연극,뮤지컬,오페라),","연기(연극,뮤지컬,오페라)","15","60","","N","N","03069","개원","20100319","","99991231","20100319","20230627"
"종로구","교습소","3000025941","행복한수학교습소","서울특별시 종로구 세검정로 261",", 1층 우측2째칸 (신영동)","입시.검정 및 보습","보통교과","","보습","37","5","","Y","N","03014","개원","20160418","","99991231","20160418","20230627"
"종로구","학원","3000026033","광화문위드피아노학원","서울특별시 종로구 새문안로 42",", 3층 301호 (신문로2가)","기예(대)","기예(중)","","실용음악(성악)","50","50","","Y","N","03184","개원","20160502","","99991231","20160502","20230627"
"종로구","학원","3000026293","쌤피아노학원","서울특별시 종로구 진흥로 484",", 3층 (신영동)","예능(대)","예능(중)","음악,","음악","150","53","","Y","N","03013","개원","20160530","","99991231","20160530","20230627"
"종로구","학원","3000026296","에이아이아카데미(AI Academy)학원","서울특별시 종로구 종로 69",", 7층 (종로2가)","직업기술","컴퓨터","컴퓨터(정보처리,통신기기,인터넷,소프트웨어),","컴퓨터(정보처리,통신기기,인터넷,소프트웨어)","704","122","","Y","N","03164","개원","20160603","","99991231","20160603","20230924"
"종로구","학원","3000026564","혜화연극놀이학원","서울특별시 종로구 창경궁로27길 27-1",", 201호 (명륜3가, 명륜쎄레노)","기타(대)","기타(중)","연극,","연극","204","62","","Y","N","03073","개원","20160706","","99991231","20160706","20230827"
"종로구","교습소","3000026729","제니스영어교습소","서울특별시 종로구 세검정로9길 19",", 1층 일부 (신영동)","입시.검정 및 보습","보통교과","초등영어","보습","15","4","","Y","N","03014","개원","20160729","","99991231","20160729","20230627"
"종로구","학원","3000026905","유니팝미술학원","서울특별시 종로구 혜화로 46",", 2층 (혜화동)","예능(대)","예능(중)","미술","미술","48","55","","Y","N","03067","개원","20160812","","99991231","20160812","20230924"
"종로구","교습소","3000026976","에듀플러스수학교습소","서울특별시 종로구 평창문화로 45-1",", 2층 (평창동)","입시.검정 및 보습","보통교과","초등수학(저학년)","보습","36","9","초등수학(저학년):200000, 초등수학:250000, 중등수학:300000, 고등수학:350000","Y","N","03008","개원","20160901","","99991231","20160901","20230627"
"종로구","학원","3000027020","세종요리학원","서울특별시 종로구 종로 65",", 2층 (종로2가)","직업기술","산업응용기술","식음료품(바리스타,소믈리에),","식음료품(바리스타,소믈리에)","1851","93","","Y","N","03164","개원","20160906","","99991231","20160906","20230627"
"종로구","학원","3000027093","하늘바람창작소미술학원","서울특별시 종로구 혜화로 47",", 2층 (명륜1가)","예능(대)","예능(중)","미술,","미술","24","59","","Y","N","03068","개원","20160912","","99991231","20160912","20230627"
"종로구","교습소","3000027117","달달한영어책읽기(SweetBooks)영어교습소","서울특별시 종로구 평창길 2",", 2층 (평창동)","입시.검정 및 보습","보통교과","","보습","12","9","RFR:150000, SR:150000, RS:150000, RR:190000, 중등영어:200000","Y","N","03008","개원","20160926","","99991231","20160926","20230627"
"종로구","학원","3000027288","뉴타입적성학원","서울특별시 종로구 통일로18길 9",", 3층 (무악동)","입시.검정 및 보습","보통교과","보습,","보습","288","76","","Y","N","03024","개원","20161017","","99991231","20161017","20230627"
"종로구","학원","3000027291","이화뮤직인스티튜트음악학원","서울특별시 종로구 평창문화로 75",", 글로리아타운B동 3층(302호,303호) (평창동)","예능(대)","예능(중)","","음악","50","54","","Y","N","03009","개원","20161017","","99991231","20161017","20230627"
"종로구","교습소","3000027542","노래하는나무음악교습소","서울특별시 종로구 혜화로 26",", 3층 (혜화동)","예능(대)","예능(중)","","음악","39","9","","Y","N","03067","개원","20161123","","99991231","20161123","20230627"
"종로구","학원","3000027687","케이지에듀원아이티진학코칭학원","서울특별시 종로구 돈화문로 26",", 5층일부 (묘동, 단성사)","종합(대)","","진학상담지도,컴퓨터(소),","","1096","210","","N","N","03138","개원","20111201","","99991231","20111201","20230730"
"종로구","학원","3000027732","케이지에듀원미래경영아카데미학원","서울특별시 종로구 돈화문로 26",", 7층 (묘동, 단성사)","종합(대)","","","","8402","442","","N","N","03138","개원","20090626","","99991231","20090626","20230730"
"종로구","교습소","3000027760","노랑앵무새미술교습소","서울특별시 종로구 혜화로 27",", 1층 (명륜1가)","예능(대)","예능(중)","","미술","6","3","","Y","N","03068","개원","20161215","","99991231","20161215","20230627"
"종로구","학원","3000028057","서울종로조리기능장학원","서울특별시 종로구 돈화문로 29-1",", 2층 (묘동)","직업기술","산업응용기술","","식음료품(바리스타,소믈리에)","209","65","","Y","N","03139","개원","20170113","","99991231","20170113","20230627"
"종로구","학원","3000028151","안쌤수학학원","서울특별시 종로구 평창11길 13",", 3층 (평창동)","입시.검정 및 보습","보통교과","보습,","보습","50","71","","Y","N","03008","개원","20170126","","99991231","20170126","20230627"
"종로구","학원","3000028418","더조은아이티아카데미학원","서울특별시 종로구 우정국로2길 21",", 7층 (관철동, 대왕빌딩)","종합(대)","","디자인,컴퓨터(정보처리,통신기기,인터넷,소프트웨어),","","1500","165","","Y","N","03189","개원","20150512","","99991231","20150512","20230627"
"종로구","학원","3000028426","와이비엠종로이포유외국어학원","서울특별시 종로구 삼일대로20길 6",", 6층,8층 (관철동)","국제화","외국어","실용외국어(유아/초?중?고)","실용외국어(유아/초?중?고)","3080","159","","Y","N","03191","개원","20170228","","99991231","20170228","20231008"
"종로구","교습소","3000028701","하이스토리논술교습소","서울특별시 종로구 필운대로 48",", 3층 (누하동)","입시.검정 및 보습","보통교과","","보습?논술","12","8","","Y","N","03036","개원","20170329","","99991231","20170329","20230627"
"종로구","학원","3000028976","포어스트랜즈잉글리쉬러닝센터학원","서울특별시 종로구 진흥로 443",", 2층 (구기동)","입시.검정 및 보습","보통교과","보습","보습","330","75","","Y","N","03007","개원","20170428","","99991231","20170428","20230917"
"종로구","교습소","3000029427","셀크영어교습소","서울특별시 종로구 옥인길 22-1",", 3층 1호 (옥인동, 도담빌딩)","입시.검정 및 보습","보통교과","","보습","24","6","","Y","N","03034","개원","20170712","","99991231","20170712","20230627"
"종로구","학원","3000029852","팔레트앤유미술학원","서울특별시 종로구 삼일대로15길 16",", 3-4층 (관철동)","기예(대)","기예(중)","미술,","미술","420","56","","Y","N","03190","개원","20170912","","99991231","20170912","20230627"
"종로구","학원","3000030118","해커스공인중개사주택관리사학원","서울특별시 종로구 인사동길 12",", 대일빌딩 6층 일부 (인사동, 대일빌딩)","인문사회(대)","인문사회(중)","성인고시","성인고시","2660","179","","Y","N","03163","개원","20171026","","99991231","20171026","20231015"
"종로구","학원","3000030321","차수학영어학원","서울특별시 종로구 혜화로 46-1",", 2층 (혜화동)","입시.검정 및 보습","보통교과","보습,","보습","80","81","","Y","N","03067","개원","20171116","","99991231","20171116","20230627"
"종로구","교습소","3000030501","칸(KAN)수학교습소","서울특별시 종로구 자하문로 37",", 2층 (통인동)","입시.검정 및 보습","보통교과","","보습","27","9","","Y","N","03040","개원","20171204","","99991231","20171204","20230627"
"종로구","학원","3000030572","더블유컴퓨터아트학원","서울특별시 종로구 대학로 149",", 4층/5층 (혜화동, 유니로드)","종합(대)","","컴퓨터(정보처리,통신기기,인터넷,소프트웨어),","","752","113","","Y","N","03077","개원","20171215","","99991231","20171215","20230627"
"종로구","학원","3000030573","에듀윌행정고시학원","서울특별시 종로구 지봉로 29",", 8층 801호 (창신동)","인문사회(대)","","성인고시,","","9275","178","","Y","N","03121","개원","20171215","","99991231","20171215","20230730"
"종로구","교습소","3000030637","아이비유학미술교습소","서울특별시 종로구 진흥로 436",", 2층 (구기동, 구기빌딩)","예능(대)","예능(중)","","미술","81","9","","Y","N","03012","개원","20171221","","99991231","20171221","20230627"
"종로구","교습소","3000030726","미술관숙제마티스미술교실교습소","서울특별시 종로구 통일로16길 8-3",", 상가동 302호 일부 (무악동, 인왕산아이파크)","예능(대)","예능(중)","","미술","10","5","","Y","N","03024","개원","20171229","","99991231","20171229","20230627"
"종로구","교습소","3000031226","개념원리수학교습소","서울특별시 종로구 통일로16길 8-3",", 인왕산아이파크 상가 302호 (무악동, 인왕산아이파크)","입시.검정 및 보습","보통교과","","보습","30","5","","Y","N","03024","개원","20180307","","99991231","20180307","20230627"
"종로구","학원","3000031419","발레웨스트학원","서울특별시 종로구 사직로 107",", 7층 (내자동, 한빛빌딩)","기예(대)","기예(중)","","무용(전통무용,현대무용)","48","50","","Y","N","03041","개원","20180326","","99991231","20180326","20230627"
"종로구","교습소","3000031720","생각나무미술교습소","서울특별시 종로구 송월길 155",", 4129호 (교북동, 경희궁자이(4단지))","예능(대)","예능(중)","","미술","21","7","A:160000, B:170000, C:180000, C:180000","Y","N","03165","개원","20180502","","99991231","20180502","20230627"
"종로구","교습소","3000032138","아뜰리에아이미술교습소","서울특별시 종로구 필운대로5가길 51",", 1층 (누상동)","예능(대)","예능(중)","","미술","20","5","","Y","N","03037","개원","20180706","","99991231","20180706","20230627"
"종로구","학원","3000032225","멤버쉽베네핏(Membership benefit)학원","서울특별시 종로구 평창11길 12",", 2층 일부 (평창동)","입시.검정 및 보습","보통교과","보습?논술,","보습?논술","130","69","","Y","N","03009","개원","20180717","","99991231","20180717","20230627"
"종로구","학원","3000032495","배움찬학원","서울특별시 종로구 평창문화로 37",", 2층 (평창동, (주)테크노)","입시.검정 및 보습","보통교과","보습?논술,","보습?논술","180","75","","Y","N","03008","개원","20180827","","99991231","20180827","20230627"
"종로구","교습소","3000032591","다니엘수학교습소","서울특별시 종로구 혜화로 47",", 301-2호 (명륜1가)","입시.검정 및 보습","보통교과","초등수학","보습","21","7","초등수학:230000, 중등수학:250000, 고등수학:320000","Y","N","03068","개원","20180910","","99991231","20180910","20230827"
"종로구","교습소","3000032592","다올림수학교습소","서울특별시 종로구 통일로 246-10",", 202호 (무악동, 무악현대아파트)","입시.검정 및 보습","보통교과","초등기본수학","보습","30","6","초등기본수학:180000, 초등실력수학:260000, 중등기본수학:220000, 중등실력수학:280000, 고등기초수학:310000","Y","N","03025","개원","20180911","","99991231","20180911","20230627"
"종로구","학원","3000032643","클랑음악학원","서울특별시 종로구 필운대로 116",", 202호 (신교동)","예능(대)","예능(중)","","음악","420","66","","Y","N","03035","개원","20180920","","99991231","20180920","20230627"
"종로구","학원","3000032780","스터디피디(PD)학원","서울특별시 종로구 평창12길 3",", 2층 일부 (평창동, 나라빌딩)","입시.검정 및 보습","보통교과","보습,","보습","60","147","","Y","N","03009","개원","20181016","","99991231","20181016","20230627"
"종로구","학원","3000032949","예찬하음악학원","서울특별시 종로구 삼일대로 393",", 3층 (관철동, 규당빌딩)","기예(대)","기예(중)","","실용음악(성악)","90","47","","Y","N","03190","개원","20181109","","99991231","20181109","20230627"
"종로구","학원","3000033092","웅진씽크빅학습센터무악학원","서울특별시 종로구 통일로 246-10",", 상가동 301호 (무악동, 무악현대아파트)","입시.검정 및 보습","보통교과","보습,","보습","80","109","","Y","N","03025","개원","20181130","","99991231","20181130","20230627"
"종로구","학원","3000033349","퀸즈영어수학학원","서울특별시 종로구 자하문로9길 11",", 에이동 2층 (통인동)","입시.검정 및 보습","보통교과","보습,","보습","288","100","","Y","N","03040","개원","20190102","","99991231","20190102","20230627"
"종로구","교습소","3000033456","스마트리딩넘버원영어교습소","서울특별시 종로구 송월길 155",", 4126호 경희궁자이 상가동 (교북동, 경희궁자이 4단지)","입시.검정 및 보습","보통교과","","보습","20","5","","Y","N","03165","개원","20190109","","99991231","20190109","20230627"
"종로구","교습소","3000033559","코리코딩로봇교습소","서울특별시 종로구 진흥로 490",", 1층 102B호 (신영동)","기타(대)","기타(중)","","로봇","18","6","","Y","N","03014","개원","20190125","","99991231","20190125","20230627"
"종로구","교습소","3000033945","새으뜸수학교습소","서울특별시 종로구 평창11길 8",", 202호-L1호실 (평창동)","입시.검정 및 보습","보통교과","","보습","16","4","","Y","N","03009","개원","20190313","","99991231","20190313","20230627"
"종로구","학원","3000033973","뉴파인안국중고등학원","서울특별시 종로구 삼일대로 451",", 2층일부 (경운동, 라이온스회관)","입시.검정 및 보습","보통교과","","보습?논술","720","180","","Y","N","03146","개원","20190318","","99991231","20190318","20230627"
"종로구","교습소","3000034059","비타민수학교습소","서울특별시 종로구 사직로10길 2",", 2층 (필운동)","입시.검정 및 보습","보통교과","","보습","36","4","","Y","N","03169","개원","20190327","","99991231","20190327","20230627"
"종로구","교습소","3000034096","안샘수학교습소","서울특별시 종로구 세검정로9길 45",", 201호 (신영동)","입시.검정 및 보습","보통교과","초등5,6수학","보습","24","6","초등5,6수학:180000, 초등3,4수학:150000, 중등2,3수학:300000, 중등1수학:250000","Y","N","03014","개원","20190402","","99991231","20190402","20230627"
"종로구","학원","3000034410","플러디수학학원","서울특별시 종로구 송월길 110",", 201호 (홍파동, 관성사)","입시.검정 및 보습","보통교과","보습,","보습","109","84","","Y","N","03166","개원","20190515","","99991231","20190515","20230627"
"종로구","학원","3000034548","엔에이엔과학전문학원","서울특별시 종로구 송월길 110",", 202호 (홍파동, 관성사)","입시.검정 및 보습","보통교과","","보습","208","71","","Y","N","03166","개원","20190605","","99991231","20190605","20230627"
"종로구","교습소","3000034868","노란 벽돌 미술 교습소","서울특별시 종로구 자하문로13길 15",", 2층 (통인동)","예능(대)","예능(중)","창의미술","미술","18","7","창의미술:62000, 창의미술:62000, 창의미술:70000","Y","N","03036","개원","20190711","","99991231","20190711","20230627"
"종로구","학원","3000034905","마임발레학원","서울특별시 종로구 통일로 250",", 3층 (무악동)","예능(대)","예능(중)","","무용","60","51","","Y","N","03030","개원","20190727","","99991231","20190727","20230627"
"종로구","교습소","3000035392","단울림가야금교습소","서울특별시 종로구 혜화로 4",", 6층 (혜화동)","예능(대)","예능(중)","","음악","16","9","","Y","N","03076","개원","20191016","","99991231","20191016","20230627"
"종로구","교습소","3000035635","일등급수학교습소","서울특별시 종로구 사직로9길 23",", 2층 (필운동)","입시.검정 및 보습","보통교과","","보습","24","9","","Y","N","03027","개원","20191125","","99991231","20191125","20230627"
"종로구","교습소","3000035771","똑,똑 잉글리쉬영어교습소","서울특별시 종로구 세검정로9길 45",", 1층 (신영동)","국제화","외국어","영어(원어민)1","실용외국어(유아/초?중?고)","15","5","영어(원어민)1:250000, 영어(원어민)2:210000, 영어(원어민)3:300000","Y","N","03014","개원","20191206","","99991231","20191206","20231008"
"종로구","학원","3000036093","톡톡잉글리쉬원격학원","서울특별시 용산구 서빙고로 17",", MALL E(105동) 218호 (한강로3가)","국제화","외국어","실용외국어(유아/초?중?고),","실용외국어(유아/초?중?고)","20","0","","Y","N","04387","개원","20200107","","99991231","20200107","20230627"
"종로구","학원","3000036168","아이비프렙&아르케아카데미학원","서울특별시 종로구 자하문로 276",", 308호 (부암동, 부원빌딩)","입시.검정 및 보습","보통교과","보습","보습","55","74","","Y","N","03017","개원","20200109","","99991231","20200109","20230827"
"종로구","학원","3000036169","퍼스트바리스타제과제빵학원","서울특별시 종로구 우정국로2길 29",", 6,7층 (관철동)","직업기술","산업응용기술","식음료품(바리스타,소믈리에),","식음료품(바리스타,소믈리에)","338","128","","Y","N","03189","개원","20200123","","99991231","20200123","20230702"
"종로구","교습소","3000036448","엘영어교습소","서울특별시 종로구 성균관로 90",", 301호 일부 (명륜1가, 유성빌딩)","입시.검정 및 보습","보통교과","초등영어","보습","10","5","초등영어:230000, 중등영어:250000, 고등영어:320000","Y","N","03068","개원","20210817","","99991231","20200227","20230827"
"종로구","학원","3000036572","경희궁 키즈엔리딩 영어학원","서울특별시 종로구 송월길 136",", 1층 (행촌동)","입시.검정 및 보습","보통교과","보습","보습","140","74","","Y","N","03166","개원","20200313","","99991231","20200406","20230917"
"종로구","학원","3000036809","온코스원격학원","서울특별시 종로구 돈화문로 26",", 4층 (묘동, 단성사)","정보","정보","정보교과,","정보교과","0","0","","Y","N","03138","개원","20200408","","99991231","20200408","20230627"
"종로구","교습소","3000036845","훈샘국어교습소","서울특별시 종로구 자하문로 37-1",", 3층 (통인동)","입시.검정 및 보습","보통교과","","보습","48","6","","Y","N","03040","개원","20200508","","99991231","20200508","20230627"
"종로구","학원","3000037055","김지원영어학원","서울특별시 종로구 송월길 110",", 1층 일부 (홍파동, 관성사)","입시.검정 및 보습","보통교과","보습,","보습","60","70","","Y","N","03166","개원","20200611","","99991231","20200612","20230627"
"종로구","학원","3000037579","타라폴댄스학원","서울특별시 종로구 수표로 96",", 11층 일부 (관수동, 국일관드림펠리스)","기예(대)","기예(중)","","댄스","182","91","","Y","N","03192","개원","20200922","","99991231","20200922","20230627"
"종로구","학원","3000037580","현대통역학원","서울특별시 종로구 종로 69",", 5층 일부 (종로2가, 서울 YMCA)","국제화","국제","통역(성인),","통역(성인)","200","72","","Y","N","03164","개원","20200923","","99991231","20200923","20230627"
"종로구","교습소","3000037975","솔바이올린교습소","서울특별시 종로구 종로 19",", 403-2호 (종로1가, 르메이에르종로타운1)","예능(대)","예능(중)","바이올린(평일낮)","음악","27","9","바이올린(평일낮):155000, 바이올린(평일저녁):165000, 바이올린(주말):165000","Y","N","03157","개원","20201202","","99991231","20201202","20230627"
"종로구","교습소","3000038083","고등수능영어교습소","서울특별시 종로구 통일로 224",", 2층 (교북동)","입시.검정 및 보습","보통교과","고등영어","보습","5","6","","Y","N","03029","개원","20130206","","99991231","20130206","20230627"
"종로구","학원","3000038381","스키마아이오학원","서울특별시 종로구 자하문로 83",", 2층 (신교동, 신도빌딩)","입시.검정 및 보습","보통교과","","보습?논술","70","70","","Y","N","03035","개원","20210202","","99991231","20210202","20230627"
"종로구","학원","3000038464","경희궁수학학원","서울특별시 종로구 송월길 110",", 3층 일부 (홍파동, 관성사)","입시.검정 및 보습","보통교과","보습","보습","192","88","","Y","N","03166","개원","20210215","","99991231","20210215","20230917"
"종로구","학원","3000038495","정인수학학원","서울특별시 종로구 자하문로 83",", 3층 (신교동, 신도빌딩)","입시.검정 및 보습","보통교과","보습,","보습","60","106","","Y","N","03035","개원","20210224","","99991231","20210225","20230627"
"종로구","교습소","3000038719","대성컴퓨터 IT자격증전문교습소","서울특별시 종로구 종로57길 8",", 3층  (숭인동)","기타(대)","기타(중)","","컴퓨터(소)","176","8","","Y","N","03113","개원","20210331","","99991231","20210331","20230627"
"종로구","교습소","3000038767","경희궁피아노교습소","서울특별시 종로구 송월길 136",", 3층 (행촌동)","예능(대)","예능(중)","피아노(고급)","음악","35","5","","Y","N","03166","개원","20210407","","99991231","20210407","20230627"
"종로구","학원","3000038815","광화문대치에스학원","서울특별시 종로구 사직로 97",", 2층 (필운동)","입시.검정 및 보습","보통교과","","보습?논술","820","111","","Y","N","03041","개원","20210407","","99991231","20210407","20230627"
"종로구","학원","3000038841","한국이스포츠원격학원","서울특별시 종로구 자하문로 125-12",", 101호 (청운동)","기타(대)","기타(중)","","게임","180","0","","Y","N","03031","개원","20210415","","99991231","20210415","20230627"
"종로구","학원","3000038996","아로새김학원","서울특별시 종로구 자하문로 238",", 2층 (부암동, 쌈지빌딩)","입시.검정 및 보습","보통교과","","보습","40","80","","Y","N","03020","개원","20210429","","99991231","20210429","20230627"
"종로구","교습소","3000039066","오늘영어교습소","서울특별시 종로구 혜화로 23",", 2층 (명륜1가)","입시.검정 및 보습","보통교과","","보습","81","9","","Y","N","03068","개원","20210524","","99991231","20210524","20230627"
"종로구","교습소","3000039096","어바웃아트미술교습소","서울특별시 종로구 사직로8길 20",", 상가1층 106호 (내수동, 경희궁 파크팰리스)","예능(대)","예능(중)","","미술","12","4","","Y","N","03174","개원","20210526","","99991231","20210526","20230627"
"종로구","학원","3000039523","아베체(ABC)통역독일어학원","서울특별시 종로구 종로 68",", 4층 일부 (종로2가, 대한기독교서회)","국제화","국제","통역(성인),","통역(성인)","954","72","","Y","N","03189","개원","20210729","","99991231","20210729","20230627"
"종로구","교습소","3000039534","생각하는미술교습소","서울특별시 종로구 필운대로 110-4",", 1층 (신교동)","예능(대)","예능(중)","","미술","16","8","","Y","N","03035","개원","20210730","","99991231","20210802","20230627"
"종로구","학원","3000039584","정성쿡외식창업아카데미학원","서울특별시 종로구 종로 207",", 2층 203호 (종로5가, 금원빌딩)","직업기술","산업응용기술","","식음료품(바리스타,소믈리에)","12","62","","Y","N","03129","개원","20210811","","99991231","20210811","20230627"
"종로구","교습소","3000039637","경희궁키즈잉글리쉬영어교습소","서울특별시 종로구 송월길 99",", 경희궁자이상가동 2단지 204동 2206호 (홍파동, 경희궁자이 2단지)","국제화","외국어","","실용외국어(유아/초?중?고)","9","9","","Y","N","03165","개원","20210823","","99991231","20210823","20230627"
"종로구","학원","3000039726","와이비엠이포유종로어학원","서울특별시 종로구 삼일대로 394",", 2층 (종로2가)","국제화","국제","어학(성인)","어학(성인)","9640","152","","Y","N","03191","개원","20210901","","99991231","20210901","20231008"
"종로구","교습소","3000039737","다니엘영어교습소","서울특별시 종로구 혜화로 47",", 301-1호 (명륜1가)","입시.검정 및 보습","보통교과","초등영어","보습","18","6","초등영어:230000, 중등영어:250000, 고등영어:320000","Y","N","03068","개원","20210830","","99991231","20210830","20230827"
"종로구","교습소","3000039739","다니수학교습소","서울특별시 종로구 성균관로 90",", 3층 1호 (명륜1가, 유성빌딩)","입시.검정 및 보습","보통교과","초등수학","보습","21","7","초등수학:230000, 중등수학:250000, 고등수학:320000","Y","N","03068","개원","20210830","","99991231","20210830","20230827"
"종로구","교습소","3000039741","플레이팩토경희궁수학교습소","서울특별시 종로구 송월길 99",", 경희궁자이상가 203동 2130호(1층) (홍파동, 경희궁자이 2단지)","입시.검정 및 보습","보통교과","","보습","12","4","","Y","N","03165","개원","20210901","","99991231","20210901","20230627"
"종로구","학원","3000039868","대치수학학원","서울특별시 종로구 자하문로 273",", 2층 (부암동)","입시.검정 및 보습","보통교과","","보습","18","70","","Y","N","03021","개원","20210915","","99991231","20210915","20230627"
"종로구","학원","3000039985","올림푸스쥬니어학원","서울특별시 종로구 사직로 97",", 5층 (필운동)","입시.검정 및 보습","보통교과","","보습","90","116","","Y","N","03041","개원","20211020","","99991231","20211020","20230627"
"종로구","학원","3000040012","에스비에스(SBS)아카데미컴퓨터아트학원","서울특별시 종로구 대학로 146",", 6층 (혜화동, 혜화동씨티밸리)","종합(대)","","게임,디자인,전산회계,컴퓨터","","3063","195","","Y","N","03084","개원","20211026","","99991231","20211026","20231015"
"종로구","학원","3000040013","엠피리언(mpyrean)학원","서울특별시 종로구 송월길 159",", 2층 일부 (교북동, 부귀빌딩)","입시.검정 및 보습","보통교과","","보습","225","169","","Y","N","03165","개원","20211026","","99991231","20211026","20230627"
"종로구","교습소","3000040259","가문비바이올린음악교습소","서울특별시 종로구 세검정로9길 49",", 1층 (신영동)","예능(대)","예능(중)","","음악","4","2","","Y","N","03013","개원","20211201","","99991231","20211201","20230627"
"종로구","교습소","3000040465","예원클래식바이올린종로점교습소","서울특별시 종로구 송월길 136",", 303호 (행촌동)","예능(대)","예능(중)","바이올린 초급","음악","20","5","","Y","N","03166","개원","20211227","","99991231","20211227","20230627"
"종로구","학원","3000040749","엠피리언중등관학원","서울특별시 종로구 송월길 159",", 1층 일부 (교북동, 부귀빌딩)","입시.검정 및 보습","보통교과","보습,","보습","141","72","","Y","N","03165","개원","20220114","","99991231","20220114","20230627"
"종로구","교습소","3000040791","해법독서논술세검정교습소","서울특별시 종로구 세검정로 261",", 1층, 왼편 3번째 상가 (신영동)","입시.검정 및 보습","보통교과","","보습?논술","10","5","","Y","N","03014","개원","20220128","","99991231","20220128","20230627"
"종로구","학원","3000040958","에스팀아카데미학원","서울특별시 종로구 인사동9길 27",", 2층 (견지동, 웅지빌딩)","종합(대)","","","","110","133","","Y","N","03149","개원","20200116","","99991231","20200116","20230627"
"종로구","교습소","3000041208","페르마타바이올린교습소","서울특별시 종로구 자하문로 49-1",", 3층 (통인동)","예능(대)","예능(중)","바이올린1(고급/입시)","음악","18","9","바이올린1(고급/입시):200000, 바이올린2(고급/입시):300000","Y","N","03036","개원","20220406","","99991231","20220406","20230917"
"종로구","학원","3000041216","JS바하음악학원","서울특별시 종로구 통일로18길 9",", 상가 402호 (무악동, 인왕산아이파크)","예능(대)","예능(중)","","음악","144","148","","Y","N","03024","개원","20220310","","99991231","20220310","20230627"
"종로구","학원","3000041217","북앤맘리드인학원","서울특별시 종로구 평창11길 17",", 202호 (평창동, 일신빌딩)","입시.검정 및 보습","보통교과","보습?논술,","보습?논술","60","70","","Y","N","03008","개원","20220318","","99991231","20220318","20230627"
"종로구","학원","3000041223","카이미술품감정평가학원","서울특별시 종로구 삼일대로 447",", 3층 일부 (경운동)","인문사회(대)","인문사회(중)","","경영","140","79","","Y","N","03148","개원","20220407","","99991231","20220407","20230627"
"종로구","학원","3000041340","메타아카데미(Meta Academy)학원","서울특별시 종로구 종로 69",", 7층 일부 (종로2가, 서울 YMCA)","직업기술","컴퓨터","","컴퓨터(정보처리,통신기기,인터넷,소프트웨어)","674","149","","Y","N","03164","개원","20220421","","99991231","20220421","20230827"
"종로구","학원","3000041399","플래뮤미술학원","서울특별시 종로구 송월길 99",", 상가 201동 2층 2227호  (홍파동, 경희궁자이 2단지)","예능(대)","예능(중)","미술,","미술","180","49","","Y","N","03165","개원","20220427","","99991231","20220427","20230627"
"종로구","학원","3000041439","발레3가무용학원","서울특별시 종로구 돈화문로 3",", 6층 (관수동, 지호빌딩)","기예(대)","기예(중)","","무용(전통무용,현대무용)","96","47","","Y","N","03192","개원","20220512","","99991231","20220512","20230627"
"종로구","학원","3000041440","서울스쿨오브와인학원","서울특별시 종로구 경희궁2길 14",", 2층 (내수동, 경희궁프라자(익근빌딩))","직업기술","산업응용기술","식음료품(바리스타,소믈리에)","식음료품(바리스타,소믈리에)","72","65","","Y","N","03175","개원","20220510","","99991231","20220510","20230827"
"종로구","학원","3000041735","에듀윌세무사회계사학원제1본관","서울특별시 종로구 수표로 96",", 5층 일부 (관수동, 국일관드림펠리스)","인문사회(대)","","성인고시,","","3200","413","","Y","N","03192","개원","20220628","","99991231","20220628","20230827"
"종로구","학원","3000041783","에듀케어수학학원","서울특별시 종로구 평창문화로 75",", A동 2층 201호 (평창동, 글로리아타운)","입시.검정 및 보습","보통교과","","보습","135","69","","Y","N","03009","개원","20220701","","99991231","20220701","20230627"
"종로구","학원","3000041894","에듀윌세무사회계사학원제2본관","서울특별시 종로구 수표로 96",", 4층 일부 (관수동, 국일관드림펠리스)","인문사회(대)","","성인고시,","","3200","220","","Y","N","03192","개원","20220719","","99991231","20220719","20230917"
"종로구","교습소","3000042107","북앤톡영어교습소","서울특별시 종로구 송월길 99",", 경희궁자이 상가동 2층 2228호 (홍파동, 경희궁자이 2단지)","국제화","외국어","영어A(주5회)","실용외국어(유아/초?중?고)","144","9","영어A(주5회):660000, 영어A(주3회):390000, 영어A(주2회):260000, 영어B:580000, 영어B:350000, 영어B:230000, 영어C:440000, 영어C:260000, 영어C:170000, 영어D:110000, 영어E(주1회):55000, 영어F(주5회):580000, 영어F(주3회):350000, 영어F(주2회):230000, 영어G(주1회):55000, 영어H(주3회):230000","Y","N","03165","개원","20220822","","99991231","20220822","20230627"
"종로구","학원","3000042168","마스터키즈쿠킹학원","서울특별시 종로구 대학로8길 25",", 더브릭스빌딩 5층 (동숭동)","기타(대)","기타(중)","기타(소),","기타(소)","11","70","","N","N","03086","개원","20220831","","99991231","20220831","20230627"
"종로구","학원","3000042256","정석코딩학원","서울특별시 종로구 종로 69",", 517, 518, 522, 423, 424, 425호 (종로2가, 서울 YMCA)","직업기술","컴퓨터","컴퓨터(정보처리,통신기기,인터넷,소프트웨어),","컴퓨터(정보처리,통신기기,인터넷,소프트웨어)","60","60","","Y","N","03164","개원","20220915","","99991231","20220915","20230627"
"종로구","학원","3000042440","더발라레필발레학원","서울특별시 종로구 평창11길 3",", 2층 (평창동, 쇼핑센타뉴본)","예능(대)","","무용,","","16","50","","Y","N","03008","개원","20221018","","99991231","20221018","20230730"
"종로구","교습소","3000042471","글로벌영재수학교습소","서울특별시 종로구 지봉로 64",", 2층 (숭인동)","입시.검정 및 보습","보통교과","초등수학(저학년)","보습","48","6","초등수학(저학년):150000, 초등수학(고학년):200000, 중등수학1:250000, 중등수학2:300000, 중등수학3:470000, 고등수학1:350000, 고등수학2:400000, 고등수학3:520000","Y","N","03109","개원","20221021","","99991231","20221021","20230627"
"종로구","교습소","3000042472","글로벌영재영어교습소","서울특별시 종로구 지봉로 64",", 4층 (숭인동)","입시.검정 및 보습","보통교과","","보습","35","5","","Y","N","03109","개원","20221021","","99991231","20221021","20230627"
"종로구","학원","3000042658","카이미술품감정평가원격학원","서울특별시 종로구 삼일대로 447",", 부남빌딩 3층 일부 (경운동)","인문사회(대)","인문사회(중)","","경영","100","100","","Y","N","03148","개원","20221117","","99991231","20221117","20230827"
"종로구","학원","3000042888","위데이터랩컴퓨터학원","서울특별시 종로구 삼일대로 457",", 1303호(수운회관) (경운동)","직업기술","","컴퓨터(정보처리,통신기기,인터넷,소프트웨어),","","180","54","","Y","N","03147","개원","20221220","","99991231","20221220","20230730"
"종로구","학원","3000042909","코세아승무원학원","서울특별시 종로구 종로 193",", 6층 (종로4가, 고엔제이빌딩)","입시.검정 및 보습","진학지도","진학상담지도","진학상담지도","100","73","","Y","N","03130","개원","20221223","","99991231","20221223","20230827"
"종로구","학원","3000042917","유리엘발레스튜디오학원","서울특별시 종로구 삼봉로 95",", 대성스카이렉스 405-1호 (견지동, 종로1가 대성 스카이렉스)","기예(대)","기예(중)","","무용(전통무용,현대무용)","30","48","","Y","N","03150","개원","20221228","","99991231","20221228","20230627"
"종로구","교습소","3000042938","용기의숲영어교습소","서울특별시 종로구 이화장길 36-2",", 2층 (이화동, 베드로빌딩)","입시.검정 및 보습","보통교과","","보습","21","7","","Y","N","03100","개원","20221228","","99991231","20221228","20230627"
"종로구","학원","3000042964","스쿨랩원격학원","서울특별시 종로구 인왕산로1길 25",", 5층 (사직동, 한국사회과학자료원)","직업기술","문화관광","","관광","1200","100","","Y","N","03028","개원","20221228","","99991231","20221228","20230627"
"종로구","교습소","3000043079","현바이올린음악교습소","서울특별시 종로구 평창11길 3",", 202호 (평창동, 쇼핑센타뉴본)","예능(대)","예능(중)","","음악","36","9","","Y","N","03008","개원","20230113","","99991231","20230113","20230627"
"종로구","학원","3000043125","엠피리언학원별관","서울특별시 종로구 송월길 147",", 상가 301호의 일부 (교북동, 동아아파트)","입시.검정 및 보습","보통교과","","보습","30","90","","Y","N","03165","개원","20230120","","99991231","20230120","20230730"
"종로구","교습소","3000043227","인스티튜트퓨어뮤직테오리음악교습소","서울특별시 종로구 평창문화로 56",", 1층 2호 (평창동, 우신빌딩)","예능(대)","예능(중)","","음악","7","7","","Y","N","03011","개원","20230208","","99991231","20230208","20230627"
"종로구","학원","3000043229","블루스톤원격영어교습학원","서울특별시 종로구 돈화문로11가길 59",", 906호 (익선동, 현대뜨레비앙)","종합(대)","","","","30","0","","Y","N","03132","개원","20230209","","99991231","20230209","20230627"
"종로구","학원","3000043387","탄탄씨지아카데미학원","서울특별시 종로구 창경궁로 112-7",", 3층 301호 (인의동, 인의빌딩)","직업기술","컴퓨터","","컴퓨터(정보처리,통신기기,인터넷,소프트웨어)","30","64","","Y","N","03130","개원","20230302","","99991231","20230306","20230627"
"종로구","교습소","3000043473","콩티,콘테드로잉전문미술교습소","서울특별시 종로구 필운대로2길 3",", 2층 (누하동)","예능(대)","예능(중)","","미술","81","9","","Y","N","03040","개원","20230308","","99991231","20230308","20230627"
"종로구","학원","3000043671","오디오아트아카데미학원","서울특별시 종로구 종로 80-2",", 5층 (종로2가, 삼양빌딩)","기예(대)","기예(중)","실용음악(성악),","실용음악(성악)","30","42","","Y","N","03190","개원","20230405","","99991231","20230405","20230627"
"종로구","학원","3000043802","서울게임아트원격학원","서울특별시 종로구 율곡로 282",", 5층 일부 (종로6가, 서울게임아카데미)","직업기술","컴퓨터","게임,","게임","1881","999","","Y","N","03124","개원","20230426","","99991231","20230426","20230627"
"종로구","학원","3000043803","테크업아이티학원","서울특별시 종로구 율곡로 282",", 3층 A동 일부 (종로6가, 서울게임아카데미)","직업기술","컴퓨터","게임","게임","420","999","","Y","N","03124","개원","20230426","","99991231","20230426","20231008"
"종로구","학원","3000044028","마스터소방원격학원","서울특별시 종로구 사직로8길 34",", 1510호 (내수동, 경희궁의아침 3단지)","인문사회(대)","인문사회(중)","성인고시,","성인고시","891","999","","Y","N","03174","개원","20230609","","99991231","20230609","20230702"
"종로구","학원","3000044128","바른생각원격학원","서울특별시 종로구 수표로 105","407호 (종로2가, 육의전빌딩)","종합(대)","","","","999","999","","Y","","03140","개원","20230620","","","20230620","20230827"
"종로구","학원","3000044129","프렌즈온스테이지원격학원","서울특별시 종로구 세종대로 149","20층 2256호 (세종로, 광화문빌딩)","기타(대)","","","","0","0","","Y","","03186","개원","20230623","","","20230623","20230827"
"종로구","학원","3000044130","다정한국어학원","서울특별시 종로구 율곡로 202","A동 4층 (연건동, 제일빌딩)","국제화","","어학(성인),","","148","148","","Y","N","03127","개원","20230704","","","20230704","20230730"
"종로구","학원","3000044146","아인뮤직아카데미음악학원","서울특별시 종로구 진흥로 487","1층","예능(대)","","","","0","38","","Y","N","03007","개원","20230627","","","20230627","20230730"
"종로구","학원","3000044148","바른생각스마트러닝학원","서울특별시 종로구 수표로 105","4층일부 및 6층일부 (종로2가, 육의전빌딩)","인문사회(대)","","성인고시,","","3600","286","","Y","N","03140","개원","20230704","","","20230704","20230730"
"종로구","교습소","3000044267","윤선생우리집앞영어교실종로창신영어교습소","서울특별시 종로구 낙산길 196","(창신동) 상가동 208동 2층 3-2호","입시.검정 및 보습","","","","0","6","","Y","N","03092","개원","20230626","","","20230626","20230730"
"종로구","학원","3000046100","케이와이영재토론수학학원2관","서울특별시 종로구 진흥로 484","(신영동) 2층 2호","입시.검정 및 보습","","","","0","69","","Y","N","03013","개원","20230728","","","20230720","20230827"
"종로구","학원","3000046250","바른생각스터디랩독서실","서울특별시 종로구 수표로 105","8~9층 (종로2가, 육의전빌딩)","독서실","","","","189","378","","Y","N","03140","개원","20230830","","","20230830","20230917"
"종로구","학원","3000046293","바른생각스터디랩챌린저독서실","서울특별시 종로구 돈화문로 26","4층 (묘동, 단성사)","독서실","","","","340","660","","Y","N","03138","개원","20230906","","","20230906","20230917"
"종로구","교습소","3000046350","숨피아노스튜디오피아노교습소","서울특별시 종로구 종로 19","402-4호 (종로1가, 르메이에르종로타운)","예능(대)","","","","0","5","","Y","","03157","개원","20230915","","","20230915","20230917"
"종로구","학원","30908","해커스어학원","서울특별시 종로구 인사동길 12",", 4~5층 (인사동, 대일빌딩)","국제화","국제","어학(성인),","어학(성인)","14808","1041","","N","N","03163","개원","20101230","","99991231","20101230","20230627"
"종로구","학원","30979","다솔보습학원","서울특별시 종로구 통일로8길 16","5층 501호502호503호505호 (송월동)","입시.검정 및 보습","보통교과","보습,","보습","219","71","","Y","N","110101","개원","20110105","","99991231","20110105","20230627"
"종로구","학원","31116","with-PIANO학원","서울특별시 종로구 성균관로4길 48","4층 (명륜2가)","기예(대)","기예(중)","실용음악(성악),","실용음악(성악)","46","46","","Y","N","110522","개원","20110118","","99991231","20110118","20230627"
"종로구","학원","31165","프라임독서실","서울특별시 종로구 진흥로 487?","3층(신영동)","독서실","독서","독서실(일반인),","독서실(일반인)","160","102","","Y","N","110830","개원","20110128","","99991231","20110128","20230627"
"종로구","학원","31206","위너스경영아카데미학원","서울특별시 종로구 창경궁로 109","세운스퀘어 별관동 4층일부 5층 (인의동)","인문사회(대)","인문사회(중)","회계,","회계","5620","647","","Y","N","110410","개원","20110207","","99991231","20110207","20230627"
"종로구","학원","3158","이룸사진학원","서울특별시 종로구 종로11길 9-10",", 1,2층 (인사동)","기타(대)","기타(중)","사진,","사진","36","50","","Y","N","110290","개원","20030312","","99991231","20030312","20230627"
"종로구","학원","3159","서울요리학원","서울특별시 종로구 종로 123",", 4층 (종로3가, 고영빌딩)","직업기술","","식음료품(바리스타,소믈리에),","","5226","72","","Y","N","03139","개원","20030312","","99991231","20030312","20230827"
"종로구","교습소","3437","민들레피아노","서울특별시 종로구 지봉로5길 7","두산아파트 상가 204호 (창신동)","예능(대)","예능(중)","피아노(초급)","음악","12","4","피아노(초급):95000, 피아노(중급):105000, 피아노(고급):115000","N","N","110757","개원","20030828","","99991231","20030828","20230627"
"종로구","학원","3697","강남학원","서울특별시 종로구 지봉로12길 3","2층 (숭인동)","입시.검정 및 보습","보통교과","","보습","130","207","","N","N","110862","개원","20040114","","99991231","20040114","20230627"
"종로구","학원","4382","골든벨학원","서울특별시 종로구 지봉로17길 35-5","12층 (창신동)","입시.검정 및 보습","보통교과","보습,","보습","80","84","","Y","N","110861","개원","20040406","","99991231","20040406","20230627"
"종로구","학원","5021","현대건축디자인학원","서울특별시 종로구 종로 117?","3층, 4층(종로3가)","직업기술","산업기반기술","건축,","건축","205","34","","Y","N","110123","개원","20040504","","99991231","20040504","20230627"
"종로구","학원","5661","수풀림학원","서울특별시 종로구 평창문화로 51",", 4층 (평창동,주택은행)","입시.검정 및 보습","보통교과","보습,","보습","20","87","","Y","N","110847","개원","20040709","","99991231","20040710","20230627"
"종로구","학원","6057","한국화원협회아카데미학원","서울특별시 종로구 지봉로 29",", 701호 (창신동, 금호팔레스)","기예(대)","기예(중)","","공예(종이접기,꽃꽂이,꽃기예)","25","63","","Y","N","03121","개원","20040819","","99991231","20110101","20230627"
"종로구","학원","6518","위아스(WIAS)국제회계학원","서울특별시 종로구 새문안로 89",", 7층 (신문로1가, 정우빌딩)","인문사회(대)","인문사회(중)","회계,","회계","4500","78","","Y","N","110061","개원","20040923","","99991231","20040923","20230627"
"종로구","교습소","6807","내자연세음악교습소","서울특별시 종로구 사직로8길 15-2",", 2층 (내자동)","예능(대)","예능(중)","피아노 초급","음악","16","4","피아노 초급:120000, 피아노 중급1:130000, 피아노 중급2:140000, 피아노 고급:150000","Y","N","110053","개원","20040921","","99991231","20040921","20230627"
"종로구","학원","6832","한솔외식창업아카데미학원","서울특별시 종로구 삼일대로 395","외 2필지 6층 7층 일부 (종로2가)","직업기술","산업응용기술","식음료품(바리스타,소믈리에),","식음료품(바리스타,소믈리에)","4343","218","","Y","N","110122","개원","20041102","","99991231","20041102","20230627"
"종로구","학원","8446","월스트리트잉글리쉬종로어학원","서울특별시 종로구 종로 33",", 6층 (청진동)","국제화","국제","어학(성인)","어학(성인)","480","153","","Y","N","110130","개원","20050224","","99991231","20050224","20230917"
"종로구","학원","8989","해커스편입학원","서울특별시 종로구 인사동길 12",", 6층 (인사동, 대일빌딩)","인문사회(대)","인문사회(중)","대학편입","대학편입","637","401","","Y","N","03163","개원","20050325","","99991231","20050325","20231008"
"종로구","학원","9312","시사중국어학원","서울특별시 종로구 종로12길 6","56층 (관철동)","국제화","국제","어학(성인)","어학(성인)","980","201","","Y","N","110111","개원","20050413","","99991231","20050413","20230827"
"종로구","학원","9899","해법영어수학학원","서울특별시 종로구 지봉로5길 4","2층 3층 일부 (창신동)","입시.검정 및 보습","보통교과","보습,","보습","81","121","","Y","N","110838","개원","20050524","","99991231","20050524","20230627"